Metric,Value,Is_Stationary
ADF Statistic,-5.137227396346041,No
p-value,1.1793557061147431e-05,Yes if < 0.05
Critical Value (1%),-3.4364081161854747,N/A
Critical Value (5%),-2.8642149051061954,N/A
Critical Value (10%),-2.5681942108302214,N/A
